filename,url,key
"check-shield.svg",https://utfs.io/f/3VHzLMQmhSyBgYHyeW8y8IQ9SOiJECbNoUvwfqPuejsD4HRg,3VHzLMQmhSyBgYHyeW8y8IQ9SOiJECbNoUvwfqPuejsD4HRg
"circle_arrow.svg",https://utfs.io/f/3VHzLMQmhSyBAS9hLMYaOdemCTPrNSh2RQsq3IYLlo54WAE0,3VHzLMQmhSyBAS9hLMYaOdemCTPrNSh2RQsq3IYLlo54WAE0
"it-change-2.svg",https://utfs.io/f/3VHzLMQmhSyBWY3uIBccRvCoH2G7BUfpZk1FYDE43TPzSlqy,3VHzLMQmhSyBWY3uIBccRvCoH2G7BUfpZk1FYDE43TPzSlqy
"fedramp-advisory-1.svg",https://utfs.io/f/3VHzLMQmhSyBuZwvCpMZpyWOzrHIcVtjiSavKFM6BNeX4nml,3VHzLMQmhSyBuZwvCpMZpyWOzrHIcVtjiSavKFM6BNeX4nml
"cloud-noactive.svg",https://utfs.io/f/3VHzLMQmhSyBZDhEgmrQ6MS5kK17TU4opW2gYXcsvjrhqG3L,3VHzLMQmhSyBZDhEgmrQ6MS5kK17TU4opW2gYXcsvjrhqG3L
"lifehack-1.png",https://utfs.io/f/3VHzLMQmhSyBVgkayvuYGn4xCslaKRX9ifVrIBE0A1kDW6up,3VHzLMQmhSyBVgkayvuYGn4xCslaKRX9ifVrIBE0A1kDW6up
"cmmc-consulting.svg",https://utfs.io/f/3VHzLMQmhSyBtd0CxJWzv8sJhq7mlFTpjxADuWc6HgXGt9Pe,3VHzLMQmhSyBtd0CxJWzv8sJhq7mlFTpjxADuWc6HgXGt9Pe
"lifehack.png",https://utfs.io/f/3VHzLMQmhSyBfmOnlIVlPJpSACeXB4abogZuvQwYsmOck1x8,3VHzLMQmhSyBfmOnlIVlPJpSACeXB4abogZuvQwYsmOck1x8
"inclogo.webp",https://utfs.io/f/3VHzLMQmhSyBmjur0BfuxnjEkvWfJUt1XoBTMcaVDHG4C8hs,3VHzLMQmhSyBmjur0BfuxnjEkvWfJUt1XoBTMcaVDHG4C8hs
"logo-blue-white2-1-600x600.png",https://utfs.io/f/3VHzLMQmhSyBVG6ixcuYGn4xCslaKRX9ifVrIBE0A1kDW6up,3VHzLMQmhSyBVG6ixcuYGn4xCslaKRX9ifVrIBE0A1kDW6up
"it governance active.svg",https://utfs.io/f/3VHzLMQmhSyBiiKMP1aPlOpumyn8CrJZxw4fY1tD7HFRvB2j,3VHzLMQmhSyBiiKMP1aPlOpumyn8CrJZxw4fY1tD7HFRvB2j
"guy-talking-to-another-guy-1-300x300.png",https://utfs.io/f/3VHzLMQmhSyBq57pM0P8Q9wP0ofpIrX3WvbjHukNzK5DihdL,3VHzLMQmhSyBq57pM0P8Q9wP0ofpIrX3WvbjHukNzK5DihdL
"it governance nonactive.svg",https://utfs.io/f/3VHzLMQmhSyBtd0nJiWzv8sJhq7mlFTpjxADuWc6HgXGt9Pe,3VHzLMQmhSyBtd0nJiWzv8sJhq7mlFTpjxADuWc6HgXGt9Pe
"join-us-1.png",https://utfs.io/f/3VHzLMQmhSyBzVTzPpq26OUSV9d5xAHjZ8lRBFIWCgm4nvfq,3VHzLMQmhSyBzVTzPpq26OUSV9d5xAHjZ8lRBFIWCgm4nvfq
"it-manage-bg.svg",https://utfs.io/f/3VHzLMQmhSyBuxlG4rMZpyWOzrHIcVtjiSavKFM6BNeX4nml,3VHzLMQmhSyBuxlG4rMZpyWOzrHIcVtjiSavKFM6BNeX4nml
"vector-it-change-management-600x586.png",https://utfs.io/f/3VHzLMQmhSyBfkEas1VlPJpSACeXB4abogZuvQwYsmOck1x8,3VHzLMQmhSyBfkEas1VlPJpSACeXB4abogZuvQwYsmOck1x8
"vulnerability-assesment-icon.svg",https://utfs.io/f/3VHzLMQmhSyBiG8F4RaPlOpumyn8CrJZxw4fY1tD7HFRvB2j,3VHzLMQmhSyBiG8F4RaPlOpumyn8CrJZxw4fY1tD7HFRvB2j
"careers-1-500x500.png",https://utfs.io/f/3VHzLMQmhSyBhwTNtGseIpaKHXbTogxMsld18Nqju0QrVtD5,3VHzLMQmhSyBhwTNtGseIpaKHXbTogxMsld18Nqju0QrVtD5
